id,name,model_id,group_id/id,operation,domain
access_tectora_roof_project_user,tectora.roof.project user,tectora.roof.project,base.group_user,r,
access_tectora_roof_project_sales,tectora.roof.project sales,tectora.roof.project,sales_team.group_sale_salesman,crud,
access_tectora_roof_section_user,tectora.roof.section user,tectora.roof.section,base.group_user,r,
access_tectora_roof_section_sales,tectora.roof.section sales,tectora.roof.section,sales_team.group_sale_salesman,crud,
access_tectora_roof_section_product_user,tectora.roof.section.product user,tectora.roof.section.product,base.group_user,r,
access_tectora_roof_section_product_sales,tectora.roof.section.product sales,tectora.roof.section.product,sales_team.group_sale_salesman,crud,
access_tectora_roof_object_user,tectora.roof.object user,tectora.roof.object,base.group_user,r,
access_tectora_roof_object_sales,tectora.roof.object sales,tectora.roof.object,sales_team.group_sale_salesman,crud,
access_tectora_roof_usage_user,tectora.roof.usage user,tectora.roof.usage,base.group_user,r,
access_tectora_roof_usage_sales,tectora.roof.usage sales,tectora.roof.usage,sales_team.group_sale_salesman,crud,
access_tectora_roof_material_user,tectora.roof.material user,tectora.roof.material,base.group_user,r,
access_tectora_roof_material_sales,tectora.roof.material sales,tectora.roof.material,sales_team.group_sale_salesman,crud,
access_tectora_roof_team_user,tectora.roof.team user,tectora.roof.team,base.group_user,r,
access_tectora_roof_team_sales,tectora.roof.team sales,tectora.roof.team,sales_team.group_sale_salesman,crud,
access_tectora_roof_planning_user,tectora.roof.planning user,tectora.roof.planning,base.group_user,r,
access_tectora_roof_planning_sales,tectora.roof.planning sales,tectora.roof.planning,sales_team.group_sale_salesman,crud,
access_tectora_roof_epdm_sheet_user,tectora.roof.epdm.sheet user,tectora.roof.epdm.sheet,base.group_user,r,
access_tectora_roof_epdm_sheet_sales,tectora.roof.epdm.sheet sales,tectora.roof.epdm.sheet,sales_team.group_sale_salesman,crud,
